id;date_debut;montant_loyer_nu;montant_charges;periodicite_loyer;montant_depot_garantie;infos_complementaires
1;2020-11-07T03:10:34;62214;97013;Mensuel;44429;Ergonomic Wooden Cheese transmitting clear-thinking
2;2020-11-07T17:40:23;49919;48226;Semestriel;42967;Tasty eyeballs aggregate
3;2020-11-07T01:59:10;67521;44465;Semestriel;87696;parsing Branding
4;2020-11-07T21:08:20;4878;39265;Semestriel;59198;platforms Customizable next-generation
5;2020-11-07T17:57:43;12156;36036;Semestriel;78931;connect Incredible
6;2020-11-07T14:51:54;59944;92427;Semestriel;87761;moratorium ROI
7;2020-11-07T18:16:03;65849;26140;Semestriel;58510;Tools Reactive
8;2020-11-07T19:41:16;2685;28994;Trimestriel;8472;synthesizing
9;2020-11-07T00:32:16;16577;22119;Trimestriel;16108;yellow
10;2020-11-07T19:34:21;3220;99261;Trimestriel;13084;monitoring
