id;nom;prenom;email;telephone;date_naissance
1;Sausages Fish Ergonomic Rubber Tuna;Keyboard bypassing Accounts;Dejuan.Herman73@yahoo.com;186.150.5146;2020-11-07T10:18:51
2;sky blue International West Virginia;Supervisor;Trudie.Hane@gmail.com;(890) 566-0135;2020-11-07T10:42:00
3;Mississippi Ergonomic;Customer Tonga;Willard_Pfeffer92@gmail.com;1-115-881-8016 x73139;2020-11-07T15:19:38
4;Antigua and Barbuda Personal Loan Account global;Bike Christmas Island Courts;Astrid35@yahoo.com;1-328-979-2162;2020-11-07T15:32:59
5;Savings Account Handmade Assistant;withdrawal North Carolina;Henri84@gmail.com;(738) 319-6224;2020-11-07T17:49:04
6;Strategist calculate Shoes;New Hampshire plum core;Kyle.Jerde@gmail.com;1-787-844-6932;2020-11-07T15:19:52
7;neutral Bedfordshire;utilisation Officer rich;Austin.Doyle@gmail.com;(155) 120-5380;2020-11-07T08:47:39
8;Dynamic Grocery Agent;lavender;Elizabeth.Bogan@yahoo.com;534-361-4112;2020-11-07T08:20:27
9;PNG Latvia;synthesize ivory;Rebeca.Boehm@yahoo.com;215.463.3922;2020-11-07T00:46:11
10;scale Valleys;interactive;Erin.Rau33@gmail.com;1-544-350-0800;2020-11-06T22:57:10
